id_filemaker,nome,tipo,visibilita,punto_esatto,indirizzo,npa,localita,nazione,lat,lng,geo_qualita,comune_politico,bfs,cantone,orari,note,ente_riferimento,id_origine_unificati
927201D4-510A-B842-B901-42AB9F1F7960,Mc Donald’s,commerci_ristorazione,pubblico,,Via Cantonale 12,6983,Magliaso,Svizzera,45.9852367,8.8902769,ricostruita da OpenStreetMap (da controllare),Magliaso,5193,TI,,,,
6ABEE2EE-328D-0A45-9694-6255B64BF274,Scuola Elementare Caslano,scuole_formazione,pubblico,,,,Caslano,Svizzera,45.973445892333984,8.877906799316406,approssimata (centro della località),Caslano,5171,TI,,,,
F32AB958-6AD5-4545-A73B-03BFDF3839F1,Scuola Media Agno,scuole_formazione,pubblico,,Via Ginnasio 21,6982,Agno,Svizzera,46.0080248,8.9069025,ricostruita da OpenStreetMap (da controllare),Agno,5141,TI,,,,
C135048B-8B07-44F5-A464-ECBE6BC53087,Scuola Media Bedigliora,scuole_formazione,pubblico,,Via Maria Boschetti Alberti 6,6981,Bedigliora,Svizzera,46.00609588623047,8.847590446472168,esatta,Lema,5395,TI,,,,
16C903EA-7DA6-4FD5-B9D5-C90BB02007D1,Scuola Media Gravesano,scuole_formazione,pubblico,,Via Penodra 5,6929,Gravesano,Svizzera,46.0409841,8.9174958,ricostruita da OpenStreetMap (da controllare),Gravesano,5187,TI,,,,
E8973A45-D9ED-4A30-85CB-BBDEC25B1DE1,Piazza Municipio,strutture_pubbliche,pubblico,,Via Lugano 23,6988,Ponte Tresa,Svizzera,45.96902847290039,8.859869956970215,esatta,Tresa,5239,TI,,,,
CF599FB4-802F-47A3-90A8-628BAFF9BBCF,Centro Giovani Breganzona,centri_giovani,pubblico,,Via Polar 34,6932,Breganzona,Svizzera,46.00944519042969,8.931753158569336,esatta,Lugano,5192,TI,,,,
0D802A1E-3970-594D-A85A-65662012E059,Casa di Veronica,abitazioni_private,riservato,,Via Morella 1,6984,Pura,Svizzera,45.98189926147461,8.867847442626953,approssimata (centro del CAP),Pura,5216,TI,,,,
6853C8AD-698D-D643-B2FE-C3DE6EE8C0B0,Campo da calcio (ex asilo),parchi_piazze_sport,pubblico,,Via Cantonale 40,6983,Magliaso,Svizzera,45.98417663574219,8.886397361755371,esatta,Magliaso,5193,TI,,,,
C2632C3A-5074-A74A-AFB9-9CE4E6BBAE14,Stazione FLP Magliaso,stazioni_trasporti,pubblico,,Via Stazione 16,6983,Magliaso,Svizzera,45.981895446777344,8.88397216796875,esatta,Magliaso,5193,TI,,,,
EED18786-7F5E-DA43-81A8-138955EF6198,Parcheggio Scuola Media Bedigliora,scuole_formazione,pubblico,parcheggio,Ronesco,6981,Bedigliora,Svizzera,46.0058046,8.8472714,ricostruita da OpenStreetMap (da controllare),Lema,5395,TI,,Un po' più in là rispetto all'entrata della palestra: distinto da Midnight Bedigliora.,,
AB4DBAF7-FAE6-BE44-86F1-F7BB79EA5564,Osteria Soldati,commerci_ristorazione,pubblico,,Via Cademario 1,6934,BIoggio,Svizzera,46.01455307006836,8.908252716064453,esatta,Bioggio,5151,TI,,,,
8386470B-E091-0F49-AFD6-A733D507905A,Parco Giochi di Banco,parchi_piazze_sport,pubblico,,Stadio Banco,6981,Bedigliora,Svizzera,46.009068,8.842265,manuale (da FileMaker),Lema,5395,TI,,,,
0D9B342C-BD80-4CB3-B11D-11CCFA4945B5,Servizio Medico Psicologico (SMP),servizi_sociosanitari,pubblico,,Via Luganetto,6900,Lugano,Svizzera,46.0107557,8.9609815,ricostruita da OpenStreetMap (da controllare),Lugano,5192,TI,,,Servizio Medico Psicologico (SMP),
05F5AE24-ABA7-4BE7-92F9-A229B67B4C58,Casa Nazareth,strutture_pubbliche,pubblico,,Nucleo 16,6980,Castelrotto,Svizzera,45.992469787597656,8.83773136138916,esatta,Tresa,5239,TI,,"Casa parrocchiale multiuso di Castelrotto, usata per attività.",,
ED49BD1E-5F3F-48F4-BB50-08F72B2F2092,Molo Magliaso,parchi_piazze_sport,pubblico,,Via Castellaccio 42,6983,Magliaso,Svizzera,45.98165512084961,8.89417552947998,esatta,Magliaso,5193,TI,,,,
EB8FCB8D-20FB-483F-B110-27D61454CD91,Grotto Madonnone,commerci_ristorazione,pubblico,,Via Madonnone 19,6989,Purasca,Svizzera,45.97672653198242,8.84805679321289,esatta,Tresa,5239,TI,,,,
25B8267B-5A55-46EB-845E-56780F6047FE,Parco comunale Bioggio,parchi_piazze_sport,pubblico,,Contrada Böiro 11,6934,Bioggio,Svizzera,46.014244079589844,8.907508850097656,esatta,Bioggio,5151,TI,,,,
63B6C3E0-940D-4DF8-9FB4-89B76739D744,Autolavaggio Grancia (Socar Noranco),aziende_officine,pubblico,,Via Pian Scairolo 48,6915,Pambio-Noranco,Svizzera,45.980735778808594,8.92879867553711,esatta,Lugano,5192,TI,,,,
D8DDA322-574C-4C12-801C-3308FEBB1AA3,Campo di calcio (Pura),parchi_piazze_sport,pubblico,,Ai Motti 43,6984,Pura,Svizzera,45.98189926147461,8.867847442626953,approssimata (centro del CAP),Pura,5216,TI,,,,
AEBFD7F4-EC50-4D6C-8C42-0392041314AE,CSUM - Cellula Socio-educativa d'Urgenza per Minorenni (Fondazione Paolo Torriani),servizi_sociosanitari,pubblico,,Via alla torre 42,6850,Mendrisio,Svizzera,45.86737823486328,8.988216400146484,esatta,Mendrisio,5254,TI,,,CSUM - Cellula Socio-educativa d'Urgenza per Minorenni,
3BFC8267-B16F-45BB-B810-52A3CB5621A3,Scuola Media Caslano,scuole_formazione,pubblico,,Via industria 27,6987,Caslano,Svizzera,45.9716911315918,8.873761177062988,esatta,Caslano,5171,TI,,,,
221C3B09-CBC5-4315-8104-DB8928AEF5C3,Garage Union,aziende_officine,pubblico,,Via Piodella 8,6933,Muzzano,Svizzera,45.99801254272461,8.912988662719727,esatta,Muzzano,5205,TI,,,,
B9F65213-D8C8-4E46-952F-DD3BBC70226F,Midnight Agno,centri_giovani,pubblico,parcheggio davanti alla palestra,Via Campagna,6982,Agno,Svizzera,46.00816666666667,8.90686111111111,manuale (da FileMaker),Agno,5141,TI,"Sabato sera, saltuario","Era ""Parcheggio Agno (presso scuola media)"": area davanti alla palestra delle scuole medie dove si svolge il Midnight di Agno.",IdéeSport,
11458612-A35D-436C-B7FE-C2797EAD9998,Torrazze di Caslano,parchi_piazze_sport,pubblico,,Via Torrazza 115-99,6987,Caslano,Svizzera,45.95902777777778,8.875972222222222,manuale (da FileMaker),Caslano,5171,TI,,,,
BB629DF5-1E9B-4BBA-A570-4F6A6BD7E334,Birrificio di Bioggio,commerci_ristorazione,pubblico,,Via Cademario 2,6934,Bioggio,Svizzera,46.01461410522461,8.908567428588867,esatta,Bioggio,5151,TI,,,,
D23449E9-2FFF-4680-8E6D-46AC36DEB7A1,Da Moreno,commerci_ristorazione,pubblico,,Via al Fiume 1,6929,Gravesano,Svizzera,46.04342269897461,8.924448013305664,esatta,Gravesano,5187,TI,,,,
59E6AA3D-AC72-406C-9CB5-B31D115D078A,Lago di Lugano,parchi_piazze_sport,pubblico,,,,Lugano,Svizzera,46.008060455322266,8.95229434967041,approssimata (centro della località),Lugano,5192,TI,,,,
7310A8F3-CEEB-4CC3-B060-FAFA88CF352F,Lago di Muzzano,parchi_piazze_sport,pubblico,,,,Muzzano,Svizzera,45.9966887,8.9270959,ricostruita da OpenStreetMap (da controllare),Muzzano,5205,TI,,,,
BF757A1B-9B82-41DF-95BE-D6DE298CB5F0,La città dei mestieri della Svizzera italiana,scuole_formazione,pubblico,,Viale Stazione 12-18,6500,Bellinzona,Svizzera,46.1933923,9.0258046,ricostruita da OpenStreetMap (da controllare),Bellinzona,5002,TI,,,,
82E7E1EE-A0E7-4585-A2C2-CFF1B43CD84B,Casa di Anthony Sergi,abitazioni_private,riservato,,,,Agno,Svizzera,46.0002555847168,8.901671409606934,approssimata (centro della località),Agno,5141,TI,,,,
75E52FDF-C0DB-4CCA-91F1-D3E8FFE1F37E,Parcheggio Funivia,stazioni_trasporti,pubblico,parcheggio,Nucleo 5,,Miglieglia,Svizzera,46.0322807,8.8454554,ricostruita da OpenStreetMap (da controllare),Lema,5395,TI,,,,
F1B884A9-25AE-4239-9651-7FD99C1C5C5A,Parcheggio Novaggio,strade_senza_riferimento,pubblico,parcheggio,Viale Gisòra,6986,Novaggio,Svizzera,46.010276794433594,8.857943534851074,esatta,Lema,5395,TI,,,,
22AEB622-811A-48F7-B357-AEB2B21655B6,Servizio Psico Sociale (SPS),servizi_sociosanitari,pubblico,,Via Luganetto 5,6962,Viganello,Svizzera,46.010440826416016,8.96084976196289,esatta,Lugano,5192,TI,,,Servizio Psico Sociale (SPS),
DC924A86-B639-4C0F-9149-460D2FA619CC,Ufficio dell'aiuto e della protezione (UAP),servizi_sociosanitari,pubblico,,Via San Salvatore 3,6900,Paradiso,Svizzera,45.99231719970703,8.945436477661133,esatta,Paradiso,5210,TI,,,Ufficio dell'aiuto e della protezione (UAP),
38132E84-32F5-4546-9959-B8FD91DD62AD,Parco Pubblico Agno,parchi_piazze_sport,pubblico,,Via del Parco,6982,Agno,Svizzera,45.99290466308594,8.901227951049805,esatta,Agno,5141,TI,,,,
2CD4C42C-58BD-4E7B-A1F5-D43558FAD80E,Foce della Magliasina,parchi_piazze_sport,pubblico,,,,Magliasina,Svizzera,46.02775955200195,8.872689247131348,approssimata (centro della località),Alto Malcantone,5237,TI,,,,
4AFCF21D-983C-4785-9208-A1202E53CE35,Stazione di Caslano,stazioni_trasporti,pubblico,,Via Stazione 22,6987,Caslano,Svizzera,45.9740125,8.8796855,ricostruita da OpenStreetMap (da controllare),Caslano,5171,TI,,,,
DA1D717D-048C-4E0D-A0AF-227F70EC79DC,Parco Skater Cassina - Centro sportivo,parchi_piazze_sport,pubblico,,Via S. Giorgio 12,6990,Cassina d'Agno,Svizzera,45.99126434326172,8.892464637756348,esatta,Agno,5141,TI,,,,
5DC0314C-EB14-4262-96B1-879FF23B4BF2,Ospedale Regionale di Lugano - Civico,servizi_sociosanitari,pubblico,,Via Tesserete 46,6900,Lugano,Svizzera,46.01811599731445,8.952422142028809,esatta,Lugano,5192,TI,,,,
90D5741D-2041-486A-B82B-3D6D684F5227,Murales Prometheus,parchi_piazze_sport,pubblico,,Via Cantonale 33,6983,Magliaso,Svizzera,45.983192443847656,8.887619972229004,esatta,Magliaso,5193,TI,,,,
6DDCA8C0-D7FF-43D2-806A-B0C01DFED6BF,Casa della famiglia affidataria (Rachel e Niki),abitazioni_private,riservato,,,6983,Magliaso,Svizzera,45.98134994506836,8.889824867248535,approssimata (centro del CAP),Magliaso,5193,TI,,,,
E6681228-1922-4259-AA11-E8C3245B3084,Aldi Agno,commerci_ristorazione,pubblico,,Via Chiodena 7,6982,Agno,Svizzera,45.9962416,8.9044182,ricostruita da OpenStreetMap (da controllare),Agno,5141,TI,,,,
1E522B7E-D3E4-4ED7-AFC1-7B7AACC055FC,Scuola Elementare Agno,scuole_formazione,pubblico,,Via Prada 1,6982,Agno,Svizzera,45.99834442138672,8.897970199584961,esatta,Agno,5141,TI,,,,
325257EB-6D12-48CB-8F9E-999FCB7D1D13,Centro Giovani Bioggio,centri_giovani,pubblico,,Via S. Maurizio,6934,Bioggio,Svizzera,46.014156341552734,8.906109809875488,esatta,Bioggio,5151,TI,,,,
4E5CFF3C-F707-434A-B1D8-8B748DBFDAEC,Migros Agno,commerci_ristorazione,pubblico,,Via Lugano 21,6982,Agno,Svizzera,45.99950408935547,8.9050931930542,esatta,Agno,5141,TI,,,,
9402A204-E4F9-48AF-B923-2A8F7335B34D,SAE Lugano,servizi_sociosanitari,pubblico,,Via Giovanni Ferri 1,6900,Lugano,Svizzera,46.01464080810547,8.955450057983398,esatta,Lugano,5192,TI,,,Servizio di assistenza e di educazione (SAE),
567911CA-A47B-4395-B652-1979E6E89960,Della Torre Colori Srl,aziende_officine,pubblico,,Via Asiago 25,22100,Como,Italia,45.8376604,9.0523603,"ricostruita da OpenStreetMap (estero, da controllare)",,,,,,,
3DBAA94F-357D-472C-916C-F579F2C1D2B1,Pizza in Bioggio,commerci_ristorazione,pubblico,,Strada Regina 164,6982,Bioggio,Svizzera,46.011234283447266,8.905851364135742,esatta,Agno,5141,TI,,,,
B1777E5F-EC90-0F41-98CD-091792EB20A2,Casa Shira,abitazioni_private,riservato,,Ai grotti,,Paradiso,Svizzera,45.98987579345703,8.944779396057129,approssimata (centro della località),Paradiso,5210,TI,,,,
297BF9FF-EF09-4C5D-BA3D-F379E3F2EE0C,Smile café,commerci_ristorazione,pubblico,,Via Cantonale 13b,6987,Magliaso,Svizzera,45.9851621,8.891369,ricostruita da OpenStreetMap (da controllare),Magliaso,5193,TI,,,,
BCDF0CEB-31E3-463B-99E4-2D0A5F012C7F,Autolavaggio Caslano,aziende_officine,pubblico,,Via cantonale 36,6987,Caslano,Svizzera,45.97981262207031,8.877253532409668,esatta,Caslano,5171,TI,,,,
80FE9584-3071-4073-AA32-6C2969260ABB,Parco Giova,parchi_piazze_sport,pubblico,,Via Orti,6928,Manno,Svizzera,46.03219985961914,8.921462059020996,esatta,Manno,5194,TI,,,,
D82D34D2-01BF-468E-8C6F-80169B083626,Scuola Elementare Manno,scuole_formazione,pubblico,,Via ai Boschetti 10,6928,Manno,Svizzera,46.03870391845703,8.919679641723633,esatta,Manno,5194,TI,,,,
31DD8011-B00B-45ED-9A99-A1AB6D65E706,Zonaprotetta,servizi_sociosanitari,pubblico,,Via Giuseppe Bagutti 2,6900,Lugano,Svizzera,46.01156234741211,8.955740928649902,esatta,Lugano,5192,TI,,Spazio di consulenza sulla salute sessuale.,,
58C77F8B-EB12-412F-8C71-93E37ED0A686,Asilo di Gravesano,scuole_formazione,pubblico,,Via cantonale 30,6929,Gravesano,Svizzera,46.04255294799805,8.918081283569336,esatta,Gravesano,5187,TI,,,,
4305ED11-2A94-4DAD-BA5C-A0120F958FB6,Centro Giovani Viganello,centri_giovani,pubblico,,Via Pazzalino 8,6962,Viganello,Svizzera,46.01473617553711,8.970107078552246,esatta,Lugano,5192,TI,,,,
EC7D46FE-922B-486C-BB90-385A6F1CCAE5,Centro Sportivo Ricreativo Bioggio (CSRB),parchi_piazze_sport,pubblico,,Via mulini 4,6934,Bioggio,Svizzera,46.01164245605469,8.909646987915039,esatta,Bioggio,5151,TI,,,,
F498C9A6-9B68-429C-8D57-FAC66A87C330,Radix per la Svizzera italiana,servizi_sociosanitari,pubblico,,Via Trevano 6,6900,Lugano,Svizzera,46.013736724853516,8.955390930175781,esatta,Lugano,5192,TI,,,Radix Svizzera italiana,
BE62A42D-0838-4DAF-994C-A17AD1DDE193,L'Ospedale del Giocattolo,aziende_officine,pubblico,,Via vignola 5,6900,Lugano,Svizzera,46.01655197143555,8.956674575805664,esatta,Lugano,5192,TI,,Ripara e rivende giocattoli.,,
E1967DDE-FFAB-4896-9025-9DB1F0B04CA3,SUPSI - Lavoro sociale,scuole_formazione,pubblico,,via cantonale 18,6928,Manno,Svizzera,46.030311584472656,8.922223091125488,esatta,Manno,5194,TI,,,,
9F17B1D2-AAF6-44E8-BEED-4059DF6E5B3E,Casa Simone,abitazioni_private,riservato,,,6949,Comano,Svizzera,46.039955139160156,8.956940650939941,approssimata (centro del CAP),Comano,5176,TI,,,,
58F2E33E-8221-48C3-B6C9-B9C5F8EE6CC1,Stazione FLP Agno,stazioni_trasporti,pubblico,,Via stazione,6982,Agno,Svizzera,45.996192932128906,8.901045799255371,esatta,Agno,5141,TI,,,,
C1F5BE5D-EA04-4AC2-A832-0DC73D5F5B3B,Casa Marilena,abitazioni_private,riservato,,,6807,Taverne,Svizzera,46.06138610839844,8.929326057434082,approssimata (centro del CAP),Torricella-Taverne,5227,TI,,,,
DA4D2555-8BE0-497C-8578-8319FDC23D74,Magazzino Prometheus (Ex-asilo Magliaso),sedi_associazione,pubblico,,Via Cantonale 40,6983,Magliaso,Svizzera,45.98417663574219,8.886397361755371,esatta,Magliaso,5193,TI,,,,
78CBD304-5C84-4285-9AED-4068D74010A8,Stazione FLP Serocca,stazioni_trasporti,pubblico,,,6982,Serocca,Svizzera,46.0088231,8.905134,ricostruita da OpenStreetMap (da controllare),Agno,5141,TI,,,,
45590DFD-DC82-4258-BD6B-94366BE77F2E,Municipio di Agno,strutture_pubbliche,pubblico,,Piazza Colonnello Vicari 1,6982,Agno,Svizzera,45.99748611450195,8.899250984191895,esatta,Agno,5141,TI,,,,
AD37E228-C9C3-41D8-9ACF-4676C09ADF97,Scuole Elementari di Taverne,scuole_formazione,pubblico,,Via alle scuole,6807,Taverne,Svizzera,46.06184005737305,8.92690372467041,esatta,Torricella-Taverne,5227,TI,,,,
4C932635-56CF-458F-BB8E-BEBFAA47F3E7,Scuole Elementari Bedano,scuole_formazione,pubblico,,Via campo sportivo,6930,Bedano,Svizzera,46.04963302612305,8.918357849121094,esatta,Bedano,5148,TI,,,,
4FBC40E7-FE0E-4C99-B15A-D0C035079EBA,Posteggio Sala Aragonite,strutture_pubbliche,pubblico,posteggio,Via ai Boschetti 10,6928,Manno,Svizzera,46.03870391845703,8.919679641723633,esatta,Manno,5194,TI,,"Vicino all'entrata della sala multiuso della scuola elementare di Manno: l'edificio è molto grande e ha molti accessi, per questo resta un luogo distinto.",,
05DFDD0E-7D02-480E-BC0B-7F73914E4824,Municipio di Bioggio,strutture_pubbliche,pubblico,,Via cademario 10,6934,Bioggio,Svizzera,46.01545715332031,8.907092094421387,esatta,Bioggio,5151,TI,,,,
7CF8A08C-257C-4DB3-9641-DF433A394465,Servizio sociale Manno-Lamone-Cadempino,servizi_sociosanitari,pubblico,,Via al Casello 3,6814,Lamone,Svizzera,46.04420852661133,8.928058624267578,esatta,Lamone,5189,TI,,,,
F401C1A7-5421-455A-82E3-91C32C663FD4,Piazza San Provino,parchi_piazze_sport,pubblico,,Piazza San Provino,6982,Agno,Svizzera,45.99714660644531,8.89995288848877,esatta,Agno,5141,TI,,,,
4749042E-2D7A-415B-B24A-BAD9FC732F0A,Vernate,zone_comuni,pubblico,,,6992,Vernate,Svizzera,45.9948616027832,8.880348205566406,approssimata (centro del CAP),Vernate,5230,TI,,,,
DF8F37D9-B231-44BA-94BE-018840ECDF15,Aranno,zone_comuni,pubblico,,,6994,Aranno,Svizzera,46.01903533935547,8.873777389526367,approssimata (centro del CAP),Aranno,5143,TI,,,,
0BC98A6C-CD5E-46A9-95C1-D99889BB2820,Amore Di,commerci_ristorazione,pubblico,,Via stazione 80,6987,Caslano,Svizzera,45.97734832763672,8.876667976379395,esatta,Caslano,5171,TI,,Bar accanto alla Migros di Caslano.,,
71E36D83-FDA9-4241-99AB-8F1933566D2B,Midnight Bedigliora,centri_giovani,pubblico,,Via Maria Boschetti Alberti 6,6981,Bedigliora,Svizzera,46.00609588623047,8.847590446472168,esatta,Lema,5395,TI,"Sabato sera, saltuario",,IdéeSport,
375DDB87-EDD9-4CCE-A11B-87F7624FABD5,Bar Pub Zucchero,commerci_ristorazione,pubblico,,Via Cantonale 7,6983,Magliaso,Svizzera,45.9858198,8.8914929,ricostruita da OpenStreetMap (da controllare),Magliaso,5193,TI,,,,
EB1D8ED1-64C4-445E-993D-C32D96F6432B,Casa di Sharon Carvalho,abitazioni_private,riservato,,Via industria 53,6987,Caslano,Svizzera,45.9720458984375,8.872417449951172,esatta,Caslano,5171,TI,,,,
36F0656F-C3ED-4C6F-9115-71AACD25DC36,Nucleo di Manno,parchi_piazze_sport,pubblico,,,6928,Manno,Svizzera,46.0297966003418,8.91989517211914,approssimata (centro del CAP),Manno,5194,TI,,,,
228BEBAA-1148-4E0C-A63C-81D790FDC190,Lidl Gravesano,commerci_ristorazione,pubblico,,Via Danas 3,6929,Gravesano,Svizzera,46.04268264770508,8.923007011413574,esatta,Gravesano,5187,TI,,,,
6F274721-9847-4337-A826-5713ACD034ED,SSPSS Trevano,scuole_formazione,pubblico,,Via Trevano 25,6952,Trevano,Svizzera,46.03154754638672,8.963433265686035,esatta,Canobbio,5167,TI,,,,
09149BCB-7037-494F-A54E-F9A1266105A8,Consultorio di Salute Sessuale (CSS) Lugano,servizi_sociosanitari,pubblico,,Via Tesserete 46,6900,Lugano,Svizzera,46.01811599731445,8.952422142028809,esatta,Lugano,5192,TI,,Il consultorio si trova al piano -1 in fondo al corridoio di fisioterapia,Consultorio di Salute Sessuale (CSS),
47D34A54-55D0-417C-912A-A28321409B66,Coop Taverne,commerci_ristorazione,pubblico,,Via Carvina 7,6807,Taverne,Svizzera,46.0621377,8.9288412,ricostruita da OpenStreetMap (da controllare),Torricella-Taverne,5227,TI,,,,
A679C70B-3AF0-467C-A910-C32A3A8D499D,Grottino Ticinese,commerci_ristorazione,pubblico,,via Luigi Lavizzari 1,6500,Bellinzona,Svizzera,46.195945739746094,9.018943786621094,esatta,Bellinzona,5002,TI,,,,
D1F261FC-77EE-41D4-9BBC-99CB78C836B2,Ufficio del sostegno a enti e attività per le famiglie e i giovani (UFaG),servizi_sociosanitari,pubblico,,Vicolo Santa Marta 2,6501,Bellinzona,Svizzera,46.1976869,9.026532,ricostruita da OpenStreetMap (da controllare),Bellinzona,5002,TI,,,Ufficio del sostegno a enti e attività per le famiglie e i giovani (UFaG),
7DA5CBD0-3232-4C1D-A554-C40D5D1B493D,ATGABBES,servizi_sociosanitari,pubblico,,via Canevascini 4,6900,Lugano-Besso,Svizzera,46.00926208496094,8.938111305236816,esatta,Lugano,5192,TI,,,,
1FD888C6-4610-426A-A803-3A139E4630F6,Ufficio Prometheus,sedi_associazione,pubblico,,Piazza Natale Vicari 17,6982,Agno,Svizzera,45.997314453125,8.89887523651123,esatta,Agno,5141,TI,,,,
4BB96F77-A20D-4610-959A-C7DE1E947DDD,Jallut SA,aziende_officine,pubblico,,Via Sonvico 8,6952,Canobbio,Svizzera,46.027923583984375,8.968206405639648,esatta,Canobbio,5167,TI,,,,
0220A74D-10B6-47AA-9536-4D035CA6FA9F,Migros Do it + Garden,commerci_ristorazione,pubblico,,Via Brüsighell 6,6807,Taverne,Svizzera,46.059417724609375,8.930768966674805,esatta,Torricella-Taverne,5227,TI,,,,
A5AD0EE7-84CF-45AE-803C-E8592EFED422,Caffè bar Centrale,commerci_ristorazione,pubblico,,Viale Filippo Reina 1,6982,Agno,Svizzera,45.9968382,8.8994763,ricostruita da OpenStreetMap (da controllare),Agno,5141,TI,,,,
62A025A8-9FF4-4241-91A9-68C41DCC42DE,Murales Agno Ex Tropical,parchi_piazze_sport,pubblico,,Via Rivera 4,6982,Agno,Svizzera,45.99290084838867,8.897869110107422,esatta,Agno,5141,TI,,,,
6452FAD6-881F-4917-9121-100663BDAB05,Centro Giovani Locarno,centri_giovani,pubblico,,Via alla Morettina 19,6600,Locarno,Svizzera,46.16423416137695,8.783245086669922,esatta,Locarno,5113,TI,,,,
74B31D39-58EE-451A-A898-2728B4315FFC,SOS-debiti associazione contro l'indebitamento,servizi_sociosanitari,pubblico,,Via G. Motta 47,6850,Mendrisio,Svizzera,45.86900329589844,8.984370231628418,esatta,Mendrisio,5254,TI,,,SOS-debiti,
E2670225-D609-4A02-8FFB-80BAB2E7068D,Centro Lüsc,centri_giovani,pubblico,,Lüsc 6,6980,Croglio-Castelrotto,Svizzera,45.9900051,8.8384665,ricostruita da OpenStreetMap (da controllare),Tresa,5239,TI,,"Include l'ex ""Posteggio Elementari Croglio"".",,F6B7D8A8-09D2-4FE8-A23D-B7979765FF26
3653E064-5E07-401E-92D7-421FC480A2C5,Luna Park Agno,parchi_piazze_sport,pubblico,,,6982,Agno,Svizzera,45.997654,8.904893,manuale (indicata da Roberto),Agno,5141,TI,Estate (stagionale),Presente in estate nel grande prato di fronte alla Migros di Agno. Spesso ci si ferma alla Migros con il furgone; a volte le attività sono dentro il Luna Park.,,
E335A8D6-AE2C-4E00-B177-594BB2F4DF85,Camping Lugano Lake,aziende_officine,pubblico,,Via Molinazzo 9,6982,Agno,Svizzera,45.9958381652832,8.906647682189941,esatta,Agno,5141,TI,,Campeggio (società).,,
A389EFC4-E97D-4310-A7D8-D42DB3E3F1F2,Casa Nicola Giglio,abitazioni_private,riservato,,Via cantonale 48,6930,Bedano,Svizzera,46.05250549316406,8.920509338378906,esatta,Bedano,5148,TI,,,,
0BBBA1AE-8348-454B-BE48-937B37392FB6,Garage Lesina Martinelli Marcello,aziende_officine,pubblico,,"Via Marconi, 4",21037,Lavena Ponte Tresa,Italia,45.958679,8.8648519,"ricostruita da OpenStreetMap (estero, da controllare)",,,,,,,
F7D202C6-7C7E-4338-8909-17315FDF7596,Polizia Cantonale,strutture_pubbliche,pubblico,,Via Bossi 2b,6901,Lugano,Svizzera,45.9851446,8.9337184,ricostruita da OpenStreetMap (da controllare),Lugano,5192,TI,,,,
1A5644B9-70A2-4B8E-B759-D94B0576B8F1,Parco Ciani,parchi_piazze_sport,pubblico,,,6900,Lugano,Svizzera,46.0039232,8.9599272,ricostruita da OpenStreetMap (da controllare),Lugano,5192,TI,,,,
971DCA58-9FCB-4894-B672-6E81410A2E2C,SPALD Società Protezione Animali Lugano e Dintorni,aziende_officine,pubblico,,Via alla Fraccia 5,6807,Taverne,Svizzera,46.06768035888672,8.926797866821289,esatta,Torricella-Taverne,5227,TI,,Società protezione animali.,,
065DEEDF-C418-44D5-BFB8-F193E832BD39,Centrale Polizia Malcantone Est,strutture_pubbliche,pubblico,,Via Stazione 1,6934,Bioggio,Svizzera,46.013946533203125,8.908565521240234,esatta,Bioggio,5151,TI,,,,
929E365A-4245-450C-A5C4-961C3ABC7AF9,Casa Laura Petracchini,abitazioni_private,riservato,,,6987,Caslano,Svizzera,45.968719482421875,8.87798023223877,approssimata (centro del CAP),Caslano,5171,TI,,,,
3D259762-E5D2-4AAA-AAFF-A686855D0DE8,Centro Diurno Ricreativo (CDR) per Anziani di Agno,servizi_sociosanitari,pubblico,,Piazza Vicari 17,6982,Agno,Svizzera,45.997314453125,8.89887523651123,esatta,Agno,5141,TI,,,,
C77225EC-5E76-4B2C-977C-1DBDBD85474C,Ufficio Regionale di Collocamento (URC),servizi_sociosanitari,pubblico,,Via S. Gottardo 17,6900,Lugano,Svizzera,46.00826644897461,8.946298599243164,esatta,Lugano,5192,TI,,,Ufficio Regionale di Collocamento (URC),
7C8DE487-2596-4277-9429-62ADB909ACF3,UNIA Cassa Disoccupazione,servizi_sociosanitari,pubblico,,Via Genzana 2,6900,Massagno,Svizzera,46.00878143310547,8.946121215820312,esatta,Massagno,5196,TI,,,,
D3EB58ED-9B83-4767-9F35-7B1743A8350E,Comune di Bedano,strutture_pubbliche,pubblico,,Via Santa Maria 6,6930,Bedano,Svizzera,46.05080795288086,8.920031547546387,esatta,Bedano,5148,TI,,,,
72D2C4CE-5E91-4808-B013-FDD8A1F5DBF9,Comune di Melide,strutture_pubbliche,pubblico,,Via Stefano Franscini 6,6815,Melide,Svizzera,45.953712463378906,8.94568920135498,esatta,Melide,5198,TI,,,,
45AC759D-4DF6-4D1F-B284-D05EEF70BF26,Lido di Agno,parchi_piazze_sport,pubblico,,via Rivera 8,6982,Agno,Svizzera,45.99258804321289,8.898921012878418,esatta,Agno,5141,TI,,,,
43CF2C2B-558D-42DD-AEB9-4899AB682CFD,Bosco Luganese,zone_comuni,pubblico,,,6935,Bosco Luganese,Svizzera,46.029762268066406,8.907657623291016,approssimata (centro del CAP),Bioggio,5151,TI,,,,
85C0F0E7-8B98-412B-9CCA-3932CEF298D0,Pura,zone_comuni,pubblico,,,6984,Pura,Svizzera,45.98189926147461,8.867847442626953,approssimata (centro del CAP),Pura,5216,TI,,,,
194F28FC-DAC7-4ECC-8E4B-A58939E0BF33,Lungo Lago Caslano,parchi_piazze_sport,pubblico,,,6987,Caslano,Svizzera,45.968719482421875,8.87798023223877,approssimata (centro del CAP),Caslano,5171,TI,,,,
9BD24A20-310C-43A3-9F7F-63794B2C2F64,Alto Malcantone,zone_comuni,pubblico,,,,Alto Malcantone,Svizzera,46.03580093383789,8.88524055480957,approssimata (centro della località),Alto Malcantone,5237,TI,,,,
9E0CBCC1-1C82-429E-9BC6-5345715A86E8,Stazione FLP Ponte Tresa,stazioni_trasporti,pubblico,,Piazzale della Stazione 2,6988,Ponte Tresa,Svizzera,45.9698244,8.8599676,ricostruita da OpenStreetMap (da controllare),Tresa,5239,TI,,,,
C888D715-134F-4C09-9CA9-5DD6F69636D6,Castelrotto,zone_comuni,pubblico,,,6980,Castelrotto,Svizzera,45.99500274658203,8.83878231048584,approssimata (centro del CAP),Tresa,5239,TI,,,,
39C8B682-C943-42C7-9750-6CD8A4AFA57A,Bedano,zone_comuni,pubblico,,,6930,Bedano,Svizzera,46.054840087890625,8.92049503326416,approssimata (centro del CAP),Bedano,5148,TI,,,,
D0E604F3-3ED0-4ED4-B3E1-CDCCF6F2875B,Coop Resega,commerci_ristorazione,pubblico,,Via Sonvico 5,6952,Canobbio,Svizzera,46.02842330932617,8.967462539672852,esatta,Canobbio,5167,TI,,,,
5CE5E2E7-7E6B-4337-AB80-BDF142A43692,Prodega,commerci_ristorazione,pubblico,,Centro Galleria 3,6928,Manno,Svizzera,46.0297966003418,8.91989517211914,approssimata (centro del CAP),Manno,5194,TI,,,,
99D6203D-BFA4-44CA-BF89-C658BC97E2AF,Serocca d'Agno,zone_comuni,pubblico,,,6982,Serocca,Svizzera,46.000823974609375,8.902280807495117,approssimata (centro del CAP),Agno,5141,TI,,,,
5A5F8E92-AA2C-4EF8-BE4E-305BF4126777,Fondazione IdéeSport,servizi_sociosanitari,pubblico,,Via Girella 33,6814,Lamone,Svizzera,46.04246139526367,8.931641578674316,esatta,Lamone,5189,TI,,Uffici di Lamone.,IdéeSport,
C6CAA50A-EF36-422A-9676-8938DF20C479,Sala Multiuso Pura,strutture_pubbliche,pubblico,,Pozoo 6,6984,Pura,Svizzera,45.98189926147461,8.867847442626953,approssimata (centro del CAP),Pura,5216,TI,,,,
5327D6D1-A687-4C45-9C64-C1D0645B80D3,Mendrisio,zone_comuni,pubblico,,,,Mendrisio,Svizzera,45.8709831237793,8.981422424316406,approssimata (centro della località),Mendrisio,5254,TI,,,,
37BEF946-8BB3-4AC4-A71B-EF48199CEDE9,Ufficio Case Management,servizi_sociosanitari,pubblico,,Via Massagno 15,6900,Massagno,Svizzera,46.009029388427734,8.947059631347656,esatta,Massagno,5196,TI,,,,
5B068F77-1E97-49CE-8535-206403748844,Centrale Polizia Malcantone Ovest,strutture_pubbliche,pubblico,,Via Mera 35,6987,Caslano,Svizzera,45.97101974487305,8.876080513000488,esatta,Caslano,5171,TI,,,,
7E6EBCCB-E3D7-43F0-9019-362F99A7FCF8,Meccanico Massimo,aziende_officine,pubblico,,Via S. Gottardo 17,6807,Taverne,Svizzera,46.06128692626953,8.932258605957031,esatta,Torricella-Taverne,5227,TI,,,,
B7589934-709A-4D64-B57E-34F3B312B4AD,Posteggio Chiesa Gravesano,strutture_pubbliche,pubblico,posteggio,Via San Pietro,6929,Gravesano,Svizzera,46.0424690246582,8.921592712402344,esatta,Gravesano,5187,TI,,,,
6331C385-F3B2-47BD-A0ED-F02FF45C5933,Bellinzona,zone_comuni,pubblico,,,6500,Bellinzona,Svizzera,46.19721984863281,9.035645484924316,approssimata (centro del CAP),Bellinzona,5002,TI,,,,
C5001F01-FD67-4746-AD55-ABBF1CDDDD92,Villa Carmine,servizi_sociosanitari,pubblico,,via Trevano 55,6900,Lugano,Svizzera,46.017547607421875,8.955848693847656,esatta,Lugano,5192,TI,,Sede degli uffici della socialità e prossimità della Città di Lugano.,Città di Lugano (socialità e prossimità),
E8FB95DB-B178-42FD-A950-B285BB8F16A7,Lugano,zone_comuni,pubblico,,,6900,Lugano,Svizzera,46.00811004638672,8.956629753112793,approssimata (centro del CAP),Lugano,5192,TI,,,,
E3509753-3CF3-4713-B8EE-9A461A2AF7D1,Spazio Esplorativo - Associazione l'ora,centri_giovani,pubblico,,Via Giuseppe Bagutti 14,6900,Lugano,Svizzera,46.01455307006836,8.95654296875,esatta,Lugano,5192,TI,,,,
540EBD05-A06D-49DB-856E-03F66F1EF915,Centro Velico di Agno,parchi_piazze_sport,pubblico,,Via Rivera 4,6982,Agno,Svizzera,45.99290084838867,8.897869110107422,esatta,Agno,5141,TI,,,,
F2946F4F-695E-4BE3-9006-8544EBF2D69B,Sessa,zone_comuni,pubblico,,,,Sessa,Svizzera,46.000160217285156,8.817841529846191,approssimata (centro della località),Tresa,5239,TI,,,,
22A7F431-F06A-4559-B44D-C332CBB1BAE8,Lavena Ponte Tresa,zone_comuni,pubblico,,,,Lavena Ponte Tresa,Italia,45.9655763,8.8534477,"ricostruita da OpenStreetMap (estero, da controllare)",,,,,,,
6911AAB8-3C06-4FED-AC2F-4D5FA36298E6,Rivera,zone_comuni,pubblico,,,6802,Rivera,Svizzera,46.12556076049805,8.905828475952148,approssimata (centro del CAP),Monteceneri,5238,TI,,,,
F1E975DC-F5F3-40AC-B7E9-5D2CA69E5110,Liceo Lugano 2,scuole_formazione,pubblico,,Via Mattro 2,6942,Savosa,Svizzera,46.0178456,8.9344458,ricostruita da OpenStreetMap (da controllare),Savosa,5221,TI,,,,
11E99A7B-2D75-4134-B85E-81215B1AD784,Parco e spiaggia Caslano,parchi_piazze_sport,pubblico,,Via San Michele 59,6987,Caslano,Svizzera,45.9697245,8.8740689,ricostruita da OpenStreetMap (da controllare),Caslano,5171,TI,,,,
118DEF80-1C39-40C4-BAF0-0435975237B7,Organizzazione Sociopsichiatrica Cantonale,servizi_sociosanitari,pubblico,,Via Maspoli 6,6850,Mendrisio,Svizzera,45.86187744140625,8.97695541381836,esatta,Mendrisio,5254,TI,,,Organizzazione Sociopsichiatrica Cantonale (OSC),
688BD7D6-E69A-004D-936C-53FF28F7455D,Pretirocinio di orientamento (PTO),scuole_formazione,pubblico,,Via Campagna 30,6934,Bioggio,Svizzera,46.00943374633789,8.910731315612793,esatta,Bioggio,5151,TI,,,,
320A303A-F083-3249-B631-BBEB0E2FD2B9,Liceo Lugano 3,scuole_formazione,pubblico,,Via Elsa Franconi-Poretti 6,6900,Lugano,Svizzera,46.0131296,8.9625371,ricostruita da OpenStreetMap (da controllare),Lugano,5192,TI,,,,
1AC984A7-7D12-4DEA-BFFA-3CF68BBB1A93,Gold 20,commerci_ristorazione,pubblico,,Via Cristoforo Colombo 20,21037,Lavena Ponte Tresa,Italia,45.966114,8.8549003,"ricostruita da OpenStreetMap (estero, da controllare)",,,,,"Ristorante sushi, in Italia.",,
41CC1DC8-6CD3-40DE-BC1A-811340213D05,Scuole Elementari Biasca,scuole_formazione,pubblico,,Via San Gottardo 30,6710,Biasca,Svizzera,46.3607177734375,8.965790748596191,esatta,Biasca,5281,TI,,,,
A1ADCCF2-3F7B-4275-A605-6E8EABE9C37F,Casa La Montanina,strutture_pubbliche,pubblico,,Zona Camperio 3,,Camperio,Svizzera,46.5237915,8.9099468,ricostruita da OpenStreetMap (da controllare),Blenio,5049,TI,,Casa di alloggio per colonie a Camperio.,,
7AE5EDAA-B5B2-47A0-8570-19969FE5FE7D,Posto di Polizia Lamone,strutture_pubbliche,pubblico,,Via al Casello 3,6814,Lamone,Svizzera,46.04420852661133,8.928058624267578,esatta,Lamone,5189,TI,,,,
864CD378-0F26-43A2-ACA8-66F9F0C79D21,Scuole Elementari Novaggio,scuole_formazione,pubblico,,Via Felice Gambazzi 4,6986,Novaggio,Svizzera,46.0089914,8.857806,ricostruita da OpenStreetMap (da controllare),Lema,5395,TI,,,,
3E7C4688-2817-4F87-AE22-C3EDA571F241,Spazio ADO,centri_giovani,pubblico,,Via Besso 42a,6900,Lugano,Svizzera,46.00752258300781,8.942113876342773,esatta,Lugano,5192,TI,,Foyer diurno della Fondazione Amilcare (centro educativo minorile).,Fondazione Amilcare,
38693A89-E81A-4B37-8B54-9059A70BA39C,CSIA Centro scolastico per le industrie artistiche,scuole_formazione,pubblico,,Via Giacomo Brentani 18,6900,Lugano,Svizzera,46.0185432434082,8.96130657196045,esatta,Lugano,5192,TI,,,,
NUOVO-midnight-gravesano,Midnight Gravesano,centri_giovani,pubblico,,Via Penodra 5,6929,Gravesano,Svizzera,46.0409841,8.9174958,ricostruita da OpenStreetMap (da controllare),Gravesano,5187,TI,"Sabato sera, saltuario","Come a Agno: alcune volte si va per il Midnight, altre per la scuola.",IdéeSport,
